{"platforms":[[-37.50000000,3.57308197],[61.50000000,-3.42691803],[151.26577759,-40.70542908],[13.88796234,-70.17858887],[-62.36668396,-91.14788818],[-148.02233887,-23.49989319],[-225.69274902,-56.64907837],[-290.03186035,-91.10795593],[-263.29742432,-126.16604614],[-191.46044922,-161.12164307],[-106.54055786,-195.82586670],[-29.37025452,-228.57864380],[-10.33334351,65.32308197],[274.12539673,-36.20542908]],"smallPlatforms":[[-9.00000000,40.32308197],[49.00000000,42.57308197]]}